From,To,Demand
19,5,2218
5,19,2218
30,19,1752
19,30,1752
33,19,1638
19,33,1638
19,31,1506
31,19,1506
19,27,1359
27,19,1359
19,29,1352
29,19,1352
5,33,1264
33,5,1264
19,12,1142
12,19,1141
28,5,1092
5,28,1092
21,19,1081
19,21,1081
19,2,1025
2,19,1024
19,3,1016
3,19,1016
19,6,935
6,19,935
26,19,930
15,19,930
19,26,929
19,15,929
19,20,927
20,19,927
17,19,913
19,17,912
19,9,838
9,19,837
8,19,809
19,8,809
19,28,777
28,19,777
19,24,746
24,19,746
12,27,711
27,12,711
5,13,709
13,5,709
19,7,708
7,19,708
21,27,674
27,21,674
5,18,654
18,5,654
19,23,631
23,19,630
5,30,616
30,5,616
14,19,602
19,14,602
18,19,586
19,18,586
21,12,566
12,21,566
19,16,552
16,19,552
7,30,544
30,7,543
32,19,534
19,32,534
31,5,529
5,31,529
27,5,478
5,27,478
5,29,476
29,5,475
30,2,473
2,30,473
30,3,469
3,30,469
19,10,455
30,33,455
33,30,455
10,19,454
28,33,443
33,28,442
20,30,428
30,20,427
5,16,426
16,5,426
31,30,418
30,31,418
5,15,412
15,5,412
12,5,402
5,12,401
31,33,391
33,31,391
30,9,386
9,30,386
21,5,380
5,21,380
2,3,379
3,2,379
22,19,378
19,22,378
27,30,377
30,27,377
14,27,375
29,30,375
30,29,375
27,14,375
6,31,371
31,6,371
19,1,368
1,19,368
31,17,362
17,31,362
5,2,360
2,5,360
3,5,358
5,3,357
4,19,356
19,4,356
27,33,353
33,27,353
29,33,351
33,29,351
19,13,348
13,19,347
20,2,346
2,20,346
20,3,343
3,20,343
18,33,334
33,18,334
5,6,329
6,5,328
5,26,327
26,5,327
5,20,326
20,5,326
27,31,324
31,27,324
31,29,323
29,31,323
5,17,321
17,5,321
19,11,318
11,19,317
30,12,317
12,30,317
14,12,315
33,16,315
12,14,315
16,33,314
27,11,314
11,27,313
33,15,305
15,33,304
21,30,300
30,21,300
21,14,299
14,21,299
33,12,297
24,31,296
12,33,296
31,24,296
5,9,295
9,5,295
29,27,291
27,29,291
27,8,290
8,27,290
8,5,284
5,8,284
6,17,283
17,6,283
21,33,281
33,21,281
26,31,280
31,26,279
25,19,274
19,25,273
31,12,273
12,31,272
33,2,266
2,33,266
33,3,264
3,33,264
17,23,264
23,17,264
5,24,262
24,5,262
6,30,259
30,15,259
30,6,259
15,30,258
30,26,258
26,30,258
21,31,258
31,21,258
17,30,254
30,17,253
31,23,251
23,31,250
7,5,249
5,7,249
12,29,244
2,31,244
29,12,244
31,2,244
33,6,243
12,8,243
3,31,243
8,12,243
31,3,243
6,33,243
33,20,241
26,33,241
33,26,241
20,33,240
17,33,237
33,17,237
25,1,233
6,24,232
1,25,232
24,6,232
21,8,231
29,21,231
21,29,231
8,21,230
28,18,229
18,28,229
9,2,226
24,17,226
17,24,226
2,9,226
8,30,225
30,8,225
3,9,224
9,3,224
15,31,222
31,15,222
23,5,222
31,20,221
2,27,221
20,31,221
5,23,221
27,2,220
29,2,220
27,3,219
3,27,219
2,29,219
29,3,218
33,9,218
9,33,218
3,29,217
30,28,216
28,30,216
14,5,212
31,32,212
32,31,212
5,14,212
33,8,211
8,33,210
24,30,207
30,24,207
20,9,205
9,20,205
27,6,201
27,26,201
6,27,201
6,29,200
29,6,200
9,31,200
26,27,200
27,20,200
27,15,200
20,27,200
31,9,200
15,27,200
29,15,199
15,29,199
29,26,199
26,29,199
20,29,199
29,20,199
33,13,198
13,33,198
17,27,197
17,29,196
27,17,196
29,17,195
6,23,195
23,6,195
24,33,194
33,24,193
31,8,193
8,31,193
2,7,191
7,2,191
3,7,190
7,3,190
5,32,188
32,5,187
2,12,185
31,28,185
28,31,185
12,2,185
12,3,184
3,12,184
7,33,184
33,7,184
27,9,180
9,27,180
29,9,180
9,29,179
23,30,176
2,21,175
21,2,175
30,23,175
29,8,174
21,3,174
3,21,174
26,6,174
6,26,174
7,20,173
8,29,173
20,7,173
13,28,171
28,13,171
17,26,169
7,31,169
6,12,169
12,6,169
31,7,169
26,17,169
1,22,168
12,15,168
22,1,168
27,28,168
15,12,168
12,26,168
12,20,168
26,12,168
28,27,167
14,30,167
28,29,167
20,12,167
30,14,167
12,11,166
29,28,166
11,12,166
17,12,165
12,17,165
23,33,164
33,23,164
30,18,163
18,30,162
24,27,161
27,24,161
6,21,160
21,6,160
15,21,160
29,24,160
24,29,160
5,10,159
26,21,159
20,21,159
21,26,159
21,20,159
10,5,159
21,15,159
21,11,158
23,24,157
14,33,157
11,21,157
9,7,156
21,17,156
24,23,156
7,9,156
17,21,156
33,14,156
30,16,154
16,30,153
7,27,153
27,7,152
9,12,152
2,6,152
12,9,151
2,15,151
7,29,151
2,26,151
29,7,151
26,2,151
6,2,151
15,2,151
6,3,150
3,26,150
31,22,150
22,31,150
15,3,150
28,16,150
3,6,150
16,28,149
3,15,149
26,3,149
17,2,148
32,30,148
2,17,148
30,32,148
17,3,147
3,17,147
31,1,146
1,31,146
15,28,144
28,15,144
14,31,144
9,21,144
31,14,144
21,9,143
12,28,140
28,12,140
18,31,139
24,26,139
33,32,139
32,33,139
31,18,139
6,15,138
26,24,138
20,6,137
20,26,137
26,20,137
15,6,137
15,26,137
26,15,137
6,20,137
4,10,136
20,15,136
15,20,136
23,27,136
23,29,135
10,4,135
24,12,135
15,17,135
27,23,135
17,15,135
12,24,135
29,23,135
17,20,134
20,17,134
28,21,133
22,5,133
5,22,133
21,28,133
16,31,132
2,8,132
8,2,131
3,8,131
8,3,131
32,6,131
6,32,131
31,16,131
29,14,129
1,5,129
17,32,129
8,14,129
14,8,129
14,29,129
5,1,129
32,17,128
7,12,128
21,24,128
24,21,128
12,7,128
10,30,127
2,28,127
28,2,126
30,10,126
18,27,126
27,18,126
22,25,125
28,3,125
3,28,125
25,22,125
29,18,125
5,4,125
4,5,125
18,29,125
9,15,124
9,26,124
9,6,124
6,9,124
26,9,123
15,9,123
22,32,122
32,22,122
21,7,121
7,21,121
17,9,121
9,17,121
2,24,121
24,2,121
8,26,120
6,8,120
24,3,120
3,24,120
8,6,120
20,8,119
32,1,119
8,20,119
1,32,119
8,15,119
15,8,119
29,16,119
27,16,119
16,27,119
26,8,119
10,33,118
16,29,118
8,17,118
33,10,118
23,26,117
26,23,117
17,8,117
27,32,115
32,29,115
6,28,115
32,27,115
28,6,115
12,23,115
29,32,115
20,28,114
28,20,114
23,12,114
26,28,114
28,26,114
28,17,113
17,28,113
16,18,113
5,11,112
18,16,112
11,5,111
24,15,110
15,24,110
24,20,110
20,24,110
31,25,109
31,10,109
18,15,109
8,9,108
15,18,108
10,31,108
23,21,108
25,31,108
21,23,108
9,8,107
12,18,106
18,12,106
6,7,105
22,30,105
7,6,105
32,24,105
24,32,105
7,26,105
30,22,105
26,7,105
15,7,104
7,15,104
9,28,103
28,9,103
13,18,103
15,16,103
7,17,103
30,1,102
23,2,102
16,15,102
23,3,102
17,7,102
18,13,102
1,30,102
2,23,102
3,23,101
16,12,100
8,28,100
21,18,100
18,21,100
28,8,100
12,16,100
26,32,99
9,24,99
30,4,99
4,30,99
32,26,99
24,9,99
10,27,98
33,22,98
2,14,98
27,10,98
14,2,98
22,33,98
10,29,98
30,13,97
14,3,97
32,12,97
3,14,97
29,10,97
12,32,96
8,24,96
1,33,96
5,25,96
24,8,96
13,30,96
25,5,96
33,1,95
18,2,95
16,21,95
2,18,95
3,18,94
18,3,94
21,16,94
20,23,93
15,23,93
22,6,93
23,20,93
23,15,93
6,22,93
33,4,92
28,24,92
24,28,92
4,33,92
1,6,91
17,22,91
8,7,91
6,1,91
22,17,91
32,21,91
21,32,91
2,16,90
7,8,90
16,2,90
14,15,89
16,3,89
23,32,89
14,20,89
14,26,89
3,16,89
6,14,89
25,32,89
1,17,89
26,14,89
32,23,89
14,6,89
14,11,88
30,11,88
32,25,88
17,1,88
11,30,88
20,14,88
15,14,88
11,14,87
2,32,87
14,17,87
7,28,87
17,14,87
18,6,87
28,7,87
32,3,87
26,18,86
20,18,86
3,32,86
18,26,86
32,2,86
18,20,86
6,18,86
31,4,85
17,18,85
18,17,85
4,31,85
23,9,84
24,7,83
9,23,83
31,13,83
7,24,83
13,31,83
10,12,82
12,10,82
6,16,82
16,6,82
11,33,82
16,26,82
33,11,82
26,16,82
8,23,81
22,29,81
23,8,81
20,16,81
27,22,81
22,27,81
16,20,81
29,22,80
14,9,80
9,14,80
16,17,80
1,27,79
29,1,79
27,1,79
15,32,79
32,15,79
17,16,79
23,28,78
10,21,78
28,23,78
18,9,78
9,18,78
1,29,78
32,20,78
20,32,78
21,10,77
4,27,77
27,4,77
11,31,76
4,29,76
25,30,76
30,25,76
29,4,76
31,11,76
8,18,75
18,8,75
13,27,75
27,13,75
29,13,75
13,29,74
16,9,74
28,14,74
2,10,74
3,10,74
24,22,74
14,28,74
22,24,74
9,16,73
10,3,73
10,2,73
24,1,72
1,24,72
14,24,71
33,25,71
9,32,71
32,9,71
8,16,71
7,23,71
22,26,71
25,33,71
16,8,71
24,14,71
26,22,70
23,7,70
12,22,69
18,24,69
22,12,69
26,1,69
24,18,69
14,7,68
1,26,68
11,29,68
29,11,68
7,14,68
32,8,68
8,32,68
6,25,67
1,12,67
6,10,67
11,8,67
12,1,67
10,6,67
8,11,67
10,26,67
10,20,67
25,6,67
15,10,67
10,15,67
20,10,67
18,7,66
16,24,66
13,16,66
17,25,66
17,10,66
25,17,66
28,32,66
32,28,66
26,10,66
16,13,66
13,15,65
21,22,65
15,13,65
24,16,65
22,21,65
10,17,65
7,18,65
12,4,64
1,21,64
4,12,64
21,1,63
12,13,63
13,12,63
23,22,63
22,23,63
16,7,62
22,2,62
7,16,62
1,23,61
2,22,61
10,9,61
21,4,61
23,1,61
4,21,61
22,3,61
2,1,60
13,21,60
3,22,60
9,10,60
14,23,60
7,32,60
1,2,60
1,3,60
23,14,60
25,27,59
29,25,59
3,1,59
32,7,59
27,25,59
10,8,59
8,10,59
21,13,59
18,23,58
23,18,58
25,29,58
4,2,58
2,4,58
13,2,57
4,3,57
3,4,57
2,13,56
10,28,56
14,18,56
16,23,56
15,22,56
3,13,56
18,14,56
13,3,56
28,10,55
20,22,55
22,20,55
22,15,55
23,16,55
24,25,54
10,24,54
24,10,54
25,24,54
1,20,54
1,15,54
15,1,54
20,1,54
16,14,53
15,4,53
6,4,53
4,15,52
4,20,52
11,2,52
20,4,52
17,4,52
14,16,52
4,6,52
26,13,52
4,26,52
26,4,52
20,13,51
32,14,51
11,3,51
7,10,51
14,32,51
13,26,51
13,20,51
3,11,51
6,13,51
4,17,51
26,25,51
13,6,51
10,7,51
2,11,51
12,25,50
13,17,50
17,13,50
22,9,50
9,22,50
25,26,50
9,1,49
32,18,49
18,32,49
25,12,49
22,8,49
1,9,49
8,22,48
11,26,47
22,28,47
16,32,47
9,4,47
11,20,47
32,16,47
8,1,47
11,15,47
21,25,47
4,9,47
1,8,47
6,11,47
25,21,47
11,6,47
9,13,46
13,9,46
8,4,46
17,11,46
23,10,46
20,11,46
26,11,46
15,11,46
28,22,46
10,23,46
11,17,46
23,25,46
4,8,46
25,23,46
8,13,45
1,28,45
28,1,45
4,28,44
14,10,44
3,25,44
13,8,44
25,3,44
28,4,44
2,25,44
25,2,44
22,7,43
10,14,43
4,24,42
1,7,42
7,22,42
10,18,42
18,10,42
24,4,42
11,9,42
24,13,42
9,11,42
7,1,41
13,24,41
20,25,40
15,25,40
25,15,40
7,4,40
4,7,40
25,20,40
7,13,39
28,11,39
11,28,39
32,10,39
10,16,39
16,10,39
13,7,39
10,32,38
11,24,37
24,11,37
9,25,37
22,14,36
23,4,36
22,18,36
4,23,36
14,22,36
25,9,36
11,7,36
8,25,35
1,14,35
14,1,35
1,18,35
25,8,35
7,11,35
23,13,35
18,22,35
18,1,34
25,28,34
4,14,34
13,23,34
14,4,34
14,13,33
28,25,33
22,16,33
13,14,33
4,18,33
16,22,33
18,4,33
16,4,32
1,16,32
23,11,32
16,1,32
11,23,32
25,7,31
4,16,31
32,4,31
7,25,31
4,32,30
11,18,30
18,11,29
32,13,29
13,32,29
16,11,28
1,10,27
22,10,27
10,22,27
10,1,27
11,32,27
11,16,27
32,11,27
14,25,26
25,14,26
13,10,25
18,25,25
10,13,25
25,18,25
16,25,24
11,10,23
25,16,23
22,4,22
4,22,22
10,11,22
4,1,21
22,13,21
13,22,21
1,4,20
10,25,20
1,13,20
25,10,20
13,1,20
4,13,19
11,1,19
22,11,19
11,22,19
13,4,19
11,4,18
4,11,18
1,11,18
11,13,17
13,11,17
25,4,16
4,25,16
13,25,15
25,13,15
11,25,14
25,11,13
